<?xml version="1.0" encoding="UTF-8" standalone="yes"?>
<addon id="repository.sportsdev" name="Sportsdevil Repo" version="0.0.1" provider-name="SD">
	<extension point="xbmc.addon.repository" name="Sportsdev Repository">
		<dir>
			<info compressed="false">https://raw.githubusercontent.com/noobsandnerds/modules4all/master/zips/addons.xml</info>
			<checksum>https://raw.githubusercontent.com/noobsandnerds/modules4all/master/zips/addons.xml.md5</checksum>
			<datadir zip="true">https://raw.githubusercontent.com/noobsandnerds/modules4all/master/zips/</datadir>
		</dir>
		<info compressed="false">https://raw.githubusercontent.com/todayismyluckyday/repository.sportsdev/master/zips/addons.xml</info>
		<checksum>https://raw.githubusercontent.com/todayismyluckyday/repository.sportsdev/master/zips/addons.xml.md5</checksum>
		<datadir zip="true">https://raw.githubusercontent.com/todayismyluckyday/repository.sportsdev/master/zips/</datadir>
	</extension>
	<extension point="xbmc.addon.metadata">
		<summary lang="en">Sportsdevil repo</summary>
		<description lang="en">SD repo</description>
		<genre></genre>
	</extension>
</addon>